f50l7q035nlens236ereecmvqt;u1;private
e9o3e5ge9osf6qpo0s2r4qogrp;u1;private
lk7h93pnsmfoqdl8e8m6l1l1ba;u1;private
blg293l41q0bm7qe2gut0sqh7l;u1;private
i57llq2hpnrficuo0auc073m77;u1;private
aojd9nf1v90le4qp3r655k9fel;u1;private
a8944ij76cgu5n5ma6pgrc47es;u1;private
6pc3ubpu030pf8967gkar9ibmf;u1;private
3gm5e3afh4fabud4b3ve10coi0;u1;private
49r6kf1hpr7p77h639rc2n3gm6;u1;private
724h0gmfjekjvcelt9eba5mn87;u1;private
b89d2npt8a8llbvrtj3f8vvu9d;u1;private
719sc6ti6pob3ksr862e6e0clb;u1;private
ukj5hejukftr65djbt6l31016a;u1;private
bn4fikpknmefseecstgml4hjbp;u1;private
hq3aj5g4t06mio2pisvn6pme50;u1;public
vateeml5i7452vgtp82cq5ekg;u1;public
pk4b84nga9j4gnp681edg8h0ak;u1;public
cdjh9mmllbb01bu693u5devj1d;u1;public
pm0jbrur10pbiicco5skbps25d;u1;public
3ej2gcs8e9vin4jf6uhrhialf1;u1;public
sj34h6n8f7276pkg9prpk1hib;u1;public
d2eje381ood9l1i0favcogdfqs;u1;public
725egoo4966au5qs288i8nrhrp;u1;public
90phha8of54h9oig1ff4qk08mj;u1;public
dp25j2m6heeeg40mlk4rlegodj;u1;public
rab0juibalp2dl549gv6omfqc2;u1;public
ttkflth6bmt6j7iocl7p14jniq;u1;public
jk2or8jc98e9488vmr76r9rsbm;u1;public
lnko2t8jqve2o2p17happ55hpo;u1;public
sjdva54vnjutikulh4tklnl31i;u1;public
5gkk35q88abp24i26tip5176ac;u1;public
9sfoqp1c68b9ieat5d72ocktjl;u1;public
k8ssti3k01bvki842957h29lqt;u1;public
qonh9hentc4m26n5uo138pqb9;u1;public
q8p4pd2ui50a53gql5ld72asdu;u1;public
f2jvtdroercgaovak7b0gqf0ia;u1;public
lkc2hq7jpsbibqvscjvg0gvq54;u1;public
q06u5h1ksdln97ttil1a13u0mk;u1;public
melhg28hs97tfi8pbns9c6hlcf;u1;public
na3ke5p0t9qgbnpnjulj3i4fu0;u1;public
40l4fcgh7ts7tqvqnepvje8v0l;u1;public
dcvctducf3qo11sud8tghk0bo4;u1;public
ppqh0b3bqc4o6ihq86e8656ba9;u1;public
6u02c9c3plpokieh6ppnud89i;u1;public
1d51v0o312svt8tihhr9olge0d;u1;public
ftorigjs8siq0pi28hniujb98f;u1;public
mk055tq7eq4hkfqa19mspc9bcg;u1;public
lsnrcc9g955quhuoavdnkl2s74;u1;public
lf29hp0mo80bikc9nrrt662fog;u1;public
ihuf78p50unvg57t32m2h93taj;u1;public
u1b1phi0o232h12mf0tq013fcb;u1;public
728vrks2cm16e69gmfsutbf1a1;u1;public
5p93057i69din8kmjj3e7mm0dk;u1;public
l7m8em9gvobfa2scgi3m8k93c3;u1;public
dc76us6dfp8pscb3dkkrirhndv;u2;private
cs7gboejbuchjlma0u26ratj1g;u2;private
ml8u48df12bdjiuv74vaj88ggs;u2;private
d6634edep3kqn73fv0bn9m5h4o;u2;private
4ap3q1go9rqlt210gpqep25mcr;u2;private
l632i61tuihvggukrb23290vs;u2;private
f3kbjt3kk03tq3d0h90d8jedfv;u2;private
aivn13pog0jc7uogtonnm8ha1r;u2;private
8uu7e1jbbq886qu2nsvk411rcn;u2;private
2jvkgni8510epr9kve61nlngq0;u2;private
mvgfju4scimptbbob8fhb8f419;u2;private
sc8cevesn1770035eni4gp6rcp;u2;private
t3pp8f2kummsvhsisckleifdk6;u2;private
94d34obchaoo8r6mrfjglce6l;u2;private
5jbhjir519t1iors4e04hp8i8u;u2;private
kdhnqj2402e0r5k6g8egr588vb;u2;private
ohcf7tq53ijt85riht6svq80ib;u2;private
em4fugv45e1llsh73doljni3iv;u2;private
rdn0ioh5t4dv5187kko0upium2;u2;private
urcj3jkmgal9ctfv6hdl66u271;u2;private
rp32beh883flqilt0bhn97q5a0;u2;private
jiv28t2nrfuiu94bvnpuh593hd;u2;private
iii5tvclbpmtneb94k4isc5hbl;u2;private
7rbps0gtq2ji19urnc2qge933h;u2;private
h7cvqhb938a00j2gli4bc6v0ij;u2;private
2kk1pd2ioapv5fesmjc7vc2j9j;u2;private
rm5h4uv527572jgohqvlv8pg83;u2;private
v02n3hidfj36b41ek86o9sgdp4;u2;private
h4jtg15ogvna17e78do6k2nk6m;u2;private
mb4rck895o6g68osff46qae9ef;u2;private
qhtqfjtfivcii3sg5et7hkmlgl;u2;private
fhbq98pvt6sqgaj3627ook1k58;u2;private
tl3og2jk5jg4bq34133eaab026;u2;private
rlob2g4igscr8j0iga1h910h9p;u2;private
lb3rdo8k356j7o6fsa49s4qtse;u2;private
q7fh8rv8lb9j92hnbab8ieous5;u2;private
v7jrlcn95qcjv8ethvevfp2ili;u2;private
28g6lgg44vpv72996al6pt54e3;u2;private
9hevrpskt8vgqgpi0u6h3pdehg;u2;private
841mes7rltobqbsnp9slbkctln;u2;private
gd134kh2vsh0l3c5i2mgqtt65l;u2;private
qm71ar1234iqbad2d68vuc33lj;u2;private
qjqtbr2kko64g39kpvvsevvcjd;u2;private
r4f2dopua0fre6ogafp3algm51;u2;private
70hhmcq4pqub80n7hli3nfrhnh;u2;private
15iel0tscljn91gd4us6bqclp9;u2;private
gmqqp5it9k3lsn58seoidutjjg;u2;private
igdit31in3h8339h6eh1k35hd6;u2;private
78cg8ebhpuvo037ch9il1pm122;u2;public
cvq6rbkrofbsfn2vvoncu0ghte;u2;public
llo4a01f67lujtaec9q4v2fte;u2;public
qi5ubnto8t6pgb3ob8hddvqsrd;u2;public
vjefrb5ddp4t1ip0djdpbkbl8m;u2;public
9udtpnac1l0ipl78g88h3nljur;u2;public
po7vsmhri0ov5ikk4cbcj160o9;u2;public
sdl3pb5vat51v14nkiqs0566jn;u2;public
2luhpik942lu3lrb24gvog5bos;u2;public
r5sfgme8g72ncikkur88qjgomn;u2;public
b9j7qf6agpvsh19kqqraafeg7;u2;public
erhufl0v2q5bskq9jvfaa0pirg;u2;public
t0v62uos72fpdo9k1hubfdink;u2;public
r539kuhjabr9c29h25egi9pdet;u2;public
pk8a86pjhlh17nidm6501uh2m3;u2;public
81rnoramsaf7244mr1g7ks23ps;u2;public
mjo4vhijtu8lflh2j1c051rrli;u2;public
msnuf0a0gcf2sknol8g72qui6f;u2;public
on742qa82s45910vgt74gcoedp;u2;public
di82im48aokvjnr66h8bgchcev;u2;public
au0cv8k3g9dkj13dgsq5u3qcbf;u2;public
gtif2akctjo9mm5g8gl1bijqft;u2;public
hsa1gnv4goddgu9vt8e5n3jfhh;u2;public
nnlspq6pvuaeq6i9a6c1pd978h;u2;public
85aqufp9u1u5fua7v4249bdpe1;u2;public
s1sjqi2ddhmj5n2e7d2grralbu;u2;public
dgk25ou4pkasd3ghbcudgv362l;u2;public
7re5os8s4jrdaooeljvnmjc9eo;u2;public
njq9o4d9ftqutmf44qrvs7u086;u2;public
okusfqmaocnb7l9l3ovh9m57q7;u2;public
cv6pdu0uo41m0rffo99ldlv5b8;u2;public
jhc3c5r3idi1ontlq8skoulbnr;u2;public
lv62d0qahvsep7n7edmjh5a7or;u2;public
d9kq4lj7bnlftlfcmdrcrg53i;u2;public
bf16kpeh7c18lts84c4dvde5a4;u2;public
4cnukm95b71nehh6q4ssj0m7gf;u2;public
ojcdk8s75tof9gdfkvubt6sd7l;u2;public
scdja6k9j8iava9pv5ht7ol9gn;u2;public
lsmmmquh1iup45gq6fsh38t85p;u2;public
ui5om28cah08jcnp5kddso4pvf;u2;public
fih6ac4o80pc0g8vc0pdcsg994;u2;public
ej5bqutsc8k3f6shjh3gu3heos;u2;public
as7kqglettrovv4t7mrge3r7sa;u2;public
mnaf6o67r33e4kaormh959r3of;u2;public
jv4bdpc6der6jt26v6na26tf7j;u2;public
735o7643rg1urf04c41th030g3;u2;public
ag130hkl1mmvufbeeao6hlnal1;u2;public
q16j8tckl769cnmb2b924ec376;u2;public
t46sa72a6gbvmk03jdp6gr3c13;u2;public
6dk5mtfu4nm44l9v4g9d18p2cs;u2;public
1is0uiofpt07laahektjf6ik5s;u2;public
etp93mg5li4qtdqg7ngt5ng1em;u2;public
if2ebapiu6p11f589ipe8fvoji;u2;public
sa54o1pfqeg1vqka1i8kb76eof;u2;public
7k1dm95q5iue2ro93gp77lnqms;u2;public
7524tq6i183br4stk3sn6otot0;u2;public
kqp0brndph9mnapolf4a3m91do;u2;public
8k0vcmpgvk5v1muk49rm1scnqv;u2;public
485a0q8pi419vvriap6ksmt9qc;u2;public
2bbqhfa2j42di6vqug674gdujh;u2;public
df8gq473eph60bajhh283o1unn;u2;public
tjj4u7dtk2tpcv2vv7uhp0p31a;u2;public
gn9t0jtv5j1ibbjua9vnuion1m;u2;public
u0sqrkcjrtaaqdavmr4d3na7nb;u2;public
80fo3lqqbqb5ah47d74epsneja;u2;public
nekrurieb4jbiheicnd3mpjng3;u2;public
81oua86l06iu9b76qm78njo8km;u2;public
h1t6jk87e5h0t0iuiaue98uqna;u2;public
ngffe8qopgmatmtqog32qp428f;u2;public
g4bi46jf5esrnh8mm7u0ttqji1;u2;public
kd2as1p84lb3uq34e8c7k12fgr;u2;public
k0eq40n53gphdal5c07jaaopqn;u2;public
r6jc9qeirfjjcmgasp9h3p31tf;u2;public
e8pi0a2k2fqakodbjg26r1qnf4;u2;public
jfrqjash2cu99gmfv6fp290p6r;u2;public
btkl5eojepuel0gq3qep1vif2f;u2;public
ocmnktdfgjqq4nbdgichrru2qn;u2;public
7e49u6erl83ks4dfq9sjbnfah;u2;public
1a4fntqer52c692mr3eun5nkae;u2;public
t2ertvtdspp1mnja57smh47d0e;u2;public
47i88ujrsckffibipvbb281m56;u2;public
vfckdnophp3eek9vt2nbskjk52;u2;public
qqhi97jqmq76fdpp2jip9fe9m3;u2;public
dtdtigrbn3pdub9lj9o0dt9m52;u3;private
e1opiaso8416eransh7b8qbq3a;u3;private
5poq4pss7mdf810gfj20q1sjgl;u3;private
kelk4t8oaij2rfu05tjhbaj5kf;u3;private
nskm169lc3scg7m6l8cfg494ne;u3;private
3lv23kp2dsi5uvqisnstnjpou5;u3;private
ikfuji67slrbv0j7a9rc4b2072;u3;private
cnolvu04ten02js1srgirc8e3;u3;private
9soegt4ekmabnf2cq1fn5bul5d;u3;private
8dv05cq0e2pfa7mt7m7jiv1n6k;u3;private
7jccnbv222bo145kh6r77pqceo;u3;private
1jb7sf038kuvpeap0qm1pbaer4;u3;private
oganf071v4qigd5321e5mjng2r;u3;private
mbb8trgsdccf08sc4otkudacg6;u3;private
rg1tip32hd21qv85g905kv1sge;u3;private
tenf5hvbrif9aj0q45o5cuj4fi;u3;private
3ltt70ft4no1qpm41l9kjs01d1;u3;private
b5qcs0gvdvmvdclct92b6o133e;u3;private
is6q8n2ldsrl49mihjo8k9h9g2;u3;private
fhofsn9i4lmtqkobnvpr8hlcm7;u3;private
p0iv7t4bkulasd8ssh6jt648p1;u3;private
2iv2ee8jhtdhc6rusf5k0m3cg7;u3;private
eb8umf00u0fegrc5aet64fnii;u3;private
gvk6b70bfuvc57ourhblia83nr;u3;private
ia57no9ihbvgln3mlkiph6a300;u3;private
j4fnms2djr2mnfeghgee17buor;u3;private
4ahrfa9h2o4vnp0humkt2ta55k;u3;private
pvjcfq7bj1h5qasvt237fdftg6;u3;public
4n0omqg6o4r1vi5qa761qqimcv;u3;public
krvp9uvab6nkhve6dpb6vcalc3;u3;public
7sidg8s2t256ude8stgtf7lb4b;u3;public
vdkm54jtrh23rdnjtnafcgfgkf;u3;public
q3qfp7gmnv7df22fdc06ikv3sm;u3;public
usck4t4d5jf8jtqudu1lqe5k9n;u3;public
hvatqqntfsmikd3dc0gq17k4i2;u3;public
5ecsbbk45uvgbigvp34fpqphi0;u3;public
6pj5ptlsjdtv4nmgevlmg71s2n;u3;public
r35i0a947g6jgojamcis8tcohm;u3;public
5akgqr6gakoosrfa733qv8niit;u3;public
lfgv9tg4npl8cpha49g7jhba41;u3;public
atqkmb08n2o3og82lk2iessklf;u3;public
ipnnugale2ppjglgg49bjpqlft;u3;public
um6e2umubrlvpl98ts72ilq76d;u3;public
8l3s0rn5m4j596ifik99uum1u1;u3;public
i1a3t4crg494g2qg7gsna4k6ff;u3;public
sfsi1tha2h2fhfjg4n379apein;u3;public
1mmjj6v9avgj47a9p2u0ln0rb9;u3;public
fr5oq0o5b6ldfr4fb1c531l5i1;u3;public
31bj3ug69hb2a7gu540ca4pksi;u3;public
1quauekbkbq0bapvk5n83lbj3e;u3;public
bn7alqm8nakk5gl1iif06ih4eh;u3;public
nf2c81gckk00biapl84b4n8ks9;u3;public
6eli7mkoqujgd1lhu21q64hik3;u3;public
v7qlro4lhv4mohmj4qccg1q1qk;u3;public
en6rqm04igu3hnpk0km6rkdnsq;u3;public
pi7hpc3b4rdh90kc87v4um7qe7;u3;public
57ov34b28svln2hhi9bv1q70rh;u3;public
f9dt264b21s1v2l2m2pju8t2oa;u3;public
rhtmnm8mdo680g9r1s0fn6n97i;u3;public
7nmpu38l1ljbjplrl3ok631jei;u3;public
r4k3e3fc8fu4buoi61mn57qcc1;u3;public
nlvs7u7n34d3p92kdq6h64cq55;u3;public
d9nt60tta9og3a9k07b1a9u1c8;u3;public
857b78642ovhqq1kv153p1iac8;u3;public
g9eisbg782be34e10c16q12o1u;u3;public
k73r1fifte54net9vom3fgvh32;u3;public
ib1ill3kbbm2snunu3ar07klv3;u3;public
e98sap82kdmebgnsmj154fk084;u3;public
2hj2567ks0t925vecei7k6m5mv;u3;public
9rqecdekiq3s09fqgkt1f79251;u3;public
naa55iqk9t5qoh6qsrrp29drne;u3;public
qaf2euncvp1nmlrc5oqgsuckjh;u3;public
isql3rngrsj3p15i5bhjipg2mo;u3;public
pcboud1uogps83cc2de2ei9foq;u3;public
6fgi7qqjjlbp3htu9mok7ib6pn;u3;public
g8da5dpurjj4vcoorplhv3b0q0;u3;public
ch2a77d767hm957e8nq2lb7hfb;u3;public
2vrt5gtctbgjtok30qvbemhuph;u3;public
2mv0i8tcr6gfbva7em0acmpa8o;u3;public
2japmkqbs42tg70ch8d9ti02jt;u3;public
j90g2ivl1im6sagpdet25chqhf;u3;public
juimfst31dqhec37per0avkofl;u3;public
l75hudit2e6kfnn82ch0g2im5v;u3;public
9t0502i38rq768an53q9gmnv40;u3;public
j44t9lni3mtn3hbvp3lveoulr7;u3;public
73kfptcg9q3a0hu7mpad0s7rkv;u3;public
fmp0atgm6bp3onh91eigu4u35k;u3;public
s6l0qsub6llt6uh12pdanlan1m;u3;public
u3l43f3d3e94gs3bn9md7jc8hc;u3;public
5l5or3jnmg8hgj82hruua0k4sg;u3;public
ekfg6rqbhfvd63iv3vl9og06sp;u3;public
ilngvuhl3mjo3mk0u8fce9su0o;u3;public
7va80heu2octd3qutpp2clb0d1;u3;public
nheq66uad8s6fhovufs3demlr0;u3;public
2qlm7rcjlb05mc0o4k8b0ubsic;u3;public
s55ddnjlr6pb5cp36bhjvt3ase;u3;public
ffk475m176n9ajun46ov7eeqo9;u3;public
99pris9g8a3t0lt5krsvntvm0d;u3;public
b2auopgd1gd3tci4guatn0gn8;u3;public
4ghsohbmve0sa814qqlhr1nfep;u3;public
o40bh00pc21rpkjlhps39i1qtf;u3;public
a8p22c3l3bur0qvpg2mftnahhv;u3;public
dfsckhg2djj7rt6gnvggi1gadi;u4;private
t8nov1gtgr635kek2pa58996c1;u4;private
bossh0r9oo9bomkpn3pj1cnn4b;u4;private
p6vgokajd80koavbbh4sffsa85;u4;private
jbpt9e22qg2puprr8siodo2i6d;u4;private
94f9hvneqctsmgq64u41cgoh73;u4;private
7v6ik806114pemc12b3v7h278b;u4;private
8in15cit597sg43jkrs13ftugu;u4;private
l3p27l5jfad3b18d55g522ronv;u4;private
4q649och1kju7r92fmfnthjne7;u4;private
dvuh37lac26q7960ofbjha7i4q;u4;private
vg3s52evslfgksgas9p2vngeav;u4;public
7ln275rc05230to24242qd085h;u4;public
d995tanocmamhmss96o6hqvkq1;u4;public
rdu7022l6t4p401hjsscb7on60;u4;public
mgb8irrncj4r8p5vk59r5equma;u4;public
qiimqgied7r3785142dfpbn3ae;u4;public
elgt345r25214tug4gj0uq7juk;u4;public
9gfr4ims5ornibms8pkb0t3co3;u4;public
4qkq53mgbg7er9jgt3dp7i9krc;u4;public
3ujajmtplebl9q79qmqfka6abe;u4;public
s94uaqkt3jlhjs48032fnqihrs;u4;public
l2hcjltgsrg4iraapakigbd0gf;u4;public
t1884834acmrg1m968v9155qol;u4;public
3avjnhh9q92uqukof7j4vr23q7;u4;public
enj18umi88pn3hqg04ehialqdj;u4;public
fa47dkoirc1uml99iap4s1akhl;u4;public
5l0jlfgl3f0sop0kb6gq9oo2u5;u4;public
j388nl0nn5i3ljtlirkolfo4sa;u4;public
psaaqfehsn4aeb0npl661v643n;u4;public
u4jnd1snd2qlitvfb216bav387;u4;public
6sjf7lm1uv0usg4v7sjbq60b7r;u4;public
99jnkhf5rfira9b2vvj8im9pj6;u4;public
r20f2v0hqioifg47ce12pu8qkv;u4;public
gj6gdvveaqoh1b0lnka3fucsut;u4;public
lui2gungmmu719onke9nmvki83;u4;public
8lpdhtf7l68c213hpebot75liu;u4;public
v8jgp8pg2ci4gcclefkl2f0auh;u4;public
7eguidololenb0i8k3sd3recdn;u4;public
uodt3riv55br1s1dmb9oktaos6;u4;public
rge6b3orhbv7vvqlj062680vk;u4;public
qjv6pfad0ou8fllbf09v2ff54i;u5;private
h78qv6ig4f1febeetvp5m2g1l9;u5;private
c2fjb6qtp0lpmbqflfhds1se80;u5;private
og6lpl32i7370g5qb2qbl7rgcg;u5;private
8lkfv7ibe9jj3pupil1kb63l7u;u5;private
j8v9dcmc4drkvn6kkj0kt10rti;u5;private
hbhem0q4t9aeoalp78lvu6u9tg;u5;private
pbrag7nehfnceac9ehr7au98is;u5;private
ti9448orf2fiko8kqmgbol2fm1;u5;private
bu6ib7juvu73r2ec2mvr5hbvcn;u5;private
7uir7dqtv2triaq5fln693t2fg;u5;public
iogc0b7d5qrnso65542di5jvrf;u5;public
fk2o50od0uahcg544048il5cr6;u5;public
2uq0c51i0a15ganjdpfb1c43pg;u5;public
qb7mu2o4hngdgavtgb0d143mnd;u5;public
96fktdp9qcimfrporjba68afi2;u5;public
a9f1rot41b4ai3h1bshfcdtt2q;u5;public
fatt92hpuojtpe6aguf2boid67;u5;public
5l6qq7kqlp2rvthki29almlsoq;u5;public
505t9bccm54hpkdl9lnk3kcn6d;u5;public
kj2ujn9i09f3riiffj9i503i92;u5;public
jqeakogellvgnbra1ugreb3tve;u5;public
5ldfqntp86cedo95cses6cp9pd;u5;public
snuuq3kdq1fbp7e47o4rin0v4;u5;public
tk6ruii62tqbjqg1mvao6l0jk8;u5;public
5eh6obvod6q47b4iah1ehgb4to;u5;public
n0l3slock1edeeuum53ni2n79;u5;public
6cs3a71u50hjp5pogi1vf3711o;u5;public
af0ibh08q48c4k7v07qlc8p5co;u5;public
7gdkc0vjfgd6qeb01f8pis37bd;u5;public
943g62asmg0grih99ub81cihsn;u5;public
n5s1u96ckd3ghcquhvdgiuhvib;u5;public
ohf9dos6ttd4pgpngk0lt4sptv;u5;public
o6bq8m1u5vn09c30sfj0dvn396;u5;public
9e4nitvblllg91cm556qce3bmb;u5;public
1526iam2s3t2cthh41l1upaavp;u5;public
fmubsof9geh5p27an4nejgrgui;u5;public
d0m9bcrijgf2p1ivahck69iits;u5;public
euiamqa4kmj40gjiq6nja9559c;u5;public
1485clj5gsqoi50qmo752vjpb2;u5;public
jm7trs1ku1p4k02j8uss5imcl9;u6;private
kmv2ii6buga336j1ub6h95ju62;u6;private
s3bf81pg4bq3m7936l3ht3nhif;u6;private
qe6t810t0lbjfethtm5h2e27ls;u6;private
m3u84f1ssq1kl0ju84gqr55hbe;u6;private
6sepldetc96uaulp4o59etitp5;u6;private
28vvnfdvpo69ui8dga35jgk6s1;u6;private
7elsadn09o9a6omfiuv023f4r0;u6;private
ich1ngor4copnctkbv4dp46h0d;u6;private
hm4sop3en04sm00mu4mppj2r79;u6;private
42tn17hv9ifb1l9mdfvpp34s55;u6;private
tsh7ng0gqcj92omsnv1ntiikk;u6;private
9gj15bituvit188u6d3nvtvpp2;u6;public
n4fvudjmhr3avo0b9tteu35lef;u6;public
aog1tbl0bdfibifrjpnhtef1ip;u6;public
nvurq5huh75bgmf15kfsrinojo;u6;public
6onfot6grb0gtok2l4alp8mo7m;u6;public
menmpm5ou2enqptokbsi7q1bqn;u6;public
8as8fhv0j8maue914jv0uheia0;u6;public
bvq5m238q0f6o4lt5bqst1sl1e;u6;public
1oamfrr8vk6r6baoljs3bgscv2;u6;public
909v7ieqv6814j917764scnktn;u6;public
dgklfu9uatbookau3m94h3isqm;u6;public
3gjr7e0mod1cr4ddvcqcisav97;u6;public
gdallpaj2slidtpj0u9vatp5gj;u6;public
h3pg0bb48uhkghh9e6v1mdrc37;u6;public
oscm1163407kqk17lthvlpgmsv;u6;public
gb77qq2sqdjlbjoldksmgqpl5f;u6;public
agcdfr8rhrerld65epgeur4cv4;u6;public
lg62tjcr32oncidbjdhd068lte;u6;public
3rsisu1mqs3f70mj5vfi1hd0k3;u6;public
ueb7nnhcm1lp6teraseoae7kap;u6;public
m4bf6gh4l5mfjqpnpu8r7u9mb9;u6;public
b93c6bhniahqqtsthvaoeu6qo0;u6;public
oa1dsh7ldlofe0atbdl7eke4lf;u6;public
9i28bomcgtuj6gsimpfqb22gjt;u6;public
irtvql5bcmqofjqdbordk3k81r;u6;public
tmns85032mp7q5c9a1cs326h3f;u6;public
rgfav63pjsc1sg7shuocdrn61;u6;public
5imsjku3b7vihtvcqg7fche94a;u6;public
oort4rtrsqschf3g3ef65urrj2;u6;public
kso5ooet4do5ejpffbllcmi6ca;u6;public
2q3kk3muuodbv5rvjsnemtib6m;u6;public
v0cdnhge7qh9jsto59ifu55ksp;u6;public
m0jg9dfkv28vhd9amn9ag80adi;u6;public
2ctvd3rijsfvv5sle17e0j22cu;u6;public
63qm1c7evkq9lan2nrvecvv745;u6;public
mtsahhj0s393i245b33j0nblvu;u6;public
jta9185th4e5c2pj27t4hocmu2;u6;public
4qtbj9rn8g3o2rdhacs68kn58o;u6;public
4oa7qkh9r3k64fqjs8q3k6mbo1;u6;public
itmg3ss430j3nldkjipas45ass;u6;public
ivsbl91les4tttet27cmsq5ls2;u6;public
d2kh3laup3bk6bktuds16rie3d;u6;public
lkt21tsmtjsbvscdjqd4mvk4og;u6;public
54cl87eiabagmur0cuv88i2aah;u6;public
hva4rm058l11bki09jp236mea7;u6;public
hih52v724q2bkgc2991j0133o6;u6;public
jeplq46aq6kilevkeem92p6m3u;u6;public
tno5km47uqbtfknvtgfjomk4gq;u6;public
9hq5cnrf7obtga4a17bftsslmg;u6;public
elfv85fvlc69m7pve8daaciat;u6;public
qb8s06flli728r1nmq5qcihg2g;u6;public
3oe9a6nd1rr58rujr7fl91aem4;u6;public
gji66qt2j52pflk611ne8h6bs9;u6;public
tsgka4q4vco2koh0qt98vl6lrh;u6;public
gf6f3k1q6cooaifb1b7o3avqf9;u7;private
kihi9kma40kruvmg3upidc85vm;u7;private
evuvi4dven4ev66s730do6rub2;u7;private
f6imgfrks1koqu551hn897p7v4;u7;private
hkp7idg15vo34hl7u4pdi46v5m;u7;private
78tfloug2b9okemroc1ls1bgug;u7;private
illog9l7g6pna3d0uuqslo5hth;u7;private
a9vp351j8c0hf5heuhosm8k2pm;u7;private
ijkt6bjkfsp6pc2it23r173693;u7;private
dt5eddnivn04dooo7hrrfi8lfl;u7;private
nockgjaqp6c8l1mo3q08u49pt0;u7;public
ff1u0pkkbntel537n8jjsktrcv;u7;public
vhs72a54kc5thjfe1ouv6gbosa;u7;public
ti3s21vuin4uilb1q6h2i9fsuh;u7;public
26lh6qs9bdppp6obh5m0duam6p;u7;public
7q97ukics390pl9p71o8lj0a6f;u7;public
gsdaci1om9dik8bjpkvuqgdtfs;u7;public
1jb17ivnco4t1prnbfn47jttan;u7;public
22q4tfocb625stqkm118k0i1nr;u7;public
ojijc8knok5foe2iolnilbnbd7;u7;public
geu6curodi1g8a534kbiin7cgn;u7;public
eubg02irl83q0ufj54rumbhc8l;u7;public
qemt0pprj0a6m01dro1tcq2q13;u7;public
q1uft6p0jgiraprc3f3o7n44bp;u7;public
8elmecl8l9vs2cr3u9jddcg6cs;u7;public
o9f01eaqcutvkk5745qhj6e4jd;u7;public
sk8d99591rj1c99m4pplevqjs7;u7;public
soe8kodmuo5etr5mujoo9mak6j;u7;public
uinroh1sr3mg149chg8i2f98pd;u7;public
5mcfsakb55msl4ukj24vj9016s;u7;public
oms29n7e99kkj7ghmq2aln2bu0;u7;public
shcpt4cnkatr3l6eftfat1lluj;u7;public
qv1693nmemgeb34j9vcj720qan;u7;public
upgrut9aekpng03nbmjvofgfj3;u7;public
1bmb0jef14cfp7c5rcgbevrs66;u7;public
mbdase54bvsiirqoe5abkq0t3q;u7;public
ovpij42ldjlcd1fkdruauinff4;u7;public
6kn5sef4usi5dhf0onbp9ahvrj;u7;public
2pm7sd3ek6dhs2qq9ok8mues87;u7;public
ddh9ekt730h1vvqqp00f4ap5br;u7;public
8ptonh0atv8ot6e33ors0kghi0;u8;private
o75lpp82oiri5i1soporss3vca;u8;private
urab1pn4812fm7rfvjbaerae9h;u8;private
ba8pu9psrjhkugb6ls99rgf2vl;u8;private
rokjc0h5dk11n2vpd5h7sc2ngm;u8;private
udc9dferao1cuod9bnc3909i8u;u8;private
lq922g3qb6rlivdnjmfp7jkv07;u8;private
j4hbscj4697j2mvk7q1t9ukb9v;u8;private
bpe1a7sb918q905mc9tdu7numb;u8;private
82nouf19cvjvlere5om8aacuk6;u8;private
e203d1541ld73gtuu4ipbashe5;u8;public
gaacr3oorvp663rih1tskd19jd;u8;public
ic54id91og8llg30942jtoa7ei;u8;public
do6dsoir20ld78726k4as6eq39;u8;public
veblv4fbs9e5o6pmtqrab1nm38;u8;public
5lmv4inf945qim00fscnhqc4r5;u8;public
7fflkddtlaofojrj54qvh1hdms;u8;public
pgbe7kgouplbgka0m3sud3hdi7;u8;public
5lttq2rod7ipvpkdaamvqs3naf;u8;public
ufgb8s89bhbnd13hrrcrjlk7ku;u8;public
2g74iflkgng35hvd979g7mmmle;u8;public
ttuapd7o3i43k76v752ogc3jk9;u8;public
4vulrrrr4h7uh8t0osirmknm5e;u8;public
lkiafrg4np72m89i39199k61ih;u8;public
1mqtksdjj6nm7pgp5edgou9e8s;u8;public
vltegrvppoqdl8qdvfg1dilo5i;u8;public
cd37b3abk9bpdq1n5lpgj9vjpq;u8;public
uuaohsgo9kp99bhqt37ilt2o2f;u8;public
ovb22q1ff6q2ogbi6b8bvj3d9g;u8;public
qvbmaij1fftenaptj24gbqhd49;u8;public
omknscb2uobie49ur1n409q22;u8;public
t714sg808m5snmjiv88cj88ect;u8;public
j0603j72pu9vva1pot8s61du90;u8;public
qp7gtb5i41bps4eclvl8le9l9a;u8;public
gjbjvfrrqg1lf6lpaohm1505tg;u8;public
37cjc7g39efnbhahjksr6m5t66;u8;public
k3jn3336ebmmf1c1vc15pe3hes;u8;public
qkiqtcashgckf97fgjl0pqkejk;u8;public
7csd7hu4gpf22cfg69lkecpf9a;u8;public
nk3kd4f74ab4l9ad51v0echbeq;u8;public
bsohjfcsrkie470389k2qr9pmg;u9;private
tcfrtci4btrqf7t34atmroobl8;u9;private
njurmuajhf2fcbf6d2qv5kaspk;u9;private
hs2t80a83rmi39l9t66i85u7jp;u9;private
7fsocq2fuprajv3mu3btt15qi6;u9;private
5it1veeko2dtpp2leus05q9qgh;u9;private
i6d7139oliud4e695gqqru698c;u9;private
6gg2r9a38o43bq26gfqk2up4f7;u9;private
ghkp2u7tkd0heqcc28k0p0ccb9;u9;private
asfnjtd0l8e1fpt3vjvqvhkkag;u9;private
ij1d0cqbtfm0l000q12lgucet7;u9;public
os8ifhrsaepvutks0030ikcbd1;u9;public
80o1qrndgpgkheo1g89lns97gm;u9;public
56efj092i2q9doqa9jureq8p8g;u9;public
orh60vef2cmand4av9a4mc1bst;u9;public
njpj2tovsdrbt3em47935q69kd;u9;public
tnp9o7j3nmvn03o5u79bcfb34r;u9;public
fnii5f3uj7lb77tlq7fouknp1e;u9;public
57548dbavtu3d64776i96eaf4k;u9;public
f6342q6j608uv9u81862hkj1vv;u9;public
i69m09q24kjur64e6m7nv9g9ub;u9;public
csrbk8npp5hf32kbhr9psa73ve;u9;public
bcgc2jbi21u1d8v9rpbubtirqf;u9;public
k8i3seelotefc5428oekrj6vbp;u9;public
mni09oor0sm309ciovcd99i61l;u9;public
vgftlb49abqsdedg2ik5r69njr;u9;public
7u9nup97epngqs76lpnu488eae;u9;public
aqcjeoe9fq7iso2qnic37jpsce;u9;public
6ad11993h373si71fe86hs0gkq;u9;public
5b36o788g63r1o1frvngk68r9t;u9;public
m6vh39ds8maas5a8aqm8g9ru8h;u9;public
32htacal0bjmvqrg665tucvb02;u9;public
1kuvmnt044dr36o2q136es82ch;u9;public
hfsr7unt88ppvmm7g3h5hhi0j0;u9;public
cesg0ornv2jr1m05l3fmgqpghv;u9;public
gjgvi21l2m4iolsv7i313grvlq;u9;public
8gvr2khjqijmer2csbfu0h4a01;u9;public
eq73m8mkj4d6sl3cmui5tto4pg;u9;public
pjk7bdlrtta29r83o4au4if136;u9;public
jf96eaj96c7ei75ghrejmf6450;u9;public
28s3pkgqkdqkhsv7ghnn026tfn;u10;private
ugc35hjvq8vscr2ncf1e74abdk;u10;private
ujbl9ni4mat7s20mbicc3p9q24;u10;private
2r83jh3nc0dfjucng285hf808p;u10;private
kb9qt7gsbl39ii99k1qfqo87sv;u10;private
bgm7uidq4vk7nbnq2kglltoue9;u10;private
ogt6kqi1l2oo2q8c55n7o8jlv2;u10;private
mftip2uavoa34mc8ritvme4aks;u10;private
unaf1j3sjct8cl1akqi4umbe2p;u10;private
4dmgoj2de62hnkeesqslsi8tmj;u10;private
22ohjg4b8uu56jbkf92llanq5i;u10;private
hf0105jg1cj560j4ko786btqj2;u10;private
d2sslkc93l6gsoo76k81mr9mk6;u10;private
k9cf691hpv0bf36fvcj83fbtnk;u10;private
4cm14capdq03lj36tcjbbtsv37;u10;private
kq1ec3p4ihirtj5qs3f58epted;u10;private
5flj3orscg9m45u2jaac2ag0p0;u10;private
s6up2cir4knp3rajtq31n0bkk;u10;private
3k5gdhhbvmqqoa3k8ocdrh1iri;u10;private
7bqvisj1aarg2r5nkqogg2vhls;u10;private
vkh62u5neco325fn3e9bc7um1h;u10;private
fjur2cmtaf2ons2mpio6o5jr7b;u10;private
9ccd9lq5hb0lj008osgf6ohlbn;u10;private
tg9qkr8n9jdriqfvbal7r80j69;u10;private
klboucodkqe1n0njclbchb8477;u10;private
6k3ekq9vsskaab32s7qtr02l3l;u10;private
19bdmba1r19vugmifiemcp785f;u10;private
et1cho4p5g8d99uohjr4b3ep6o;u10;private
aqne4g9su3d35vnqdn8kc59cc;u10;private
6cogngqd6cog3t23no6apugedp;u10;private
frse484hvh0hv3n8ece7640ik7;u10;private
3cvo54v468v7ouflll5gki51fq;u10;private
j2irlnvags7820lt3gpogqqim0;u10;private
n9locbdv5j36bsckmpkcq9bvti;u10;private
ecfh1icnbti7c4bk7id7n4oka5;u10;public
i8trtassp84mhb02ovgt6n2mkv;u10;public
nfhg7vid9s1vdcq768626cld;u10;public
60g0cjvv059e2ippae3g75mtvi;u10;public
gtdfottr9e52rog3mbk1tc2aiu;u10;public
jo6etm2b6nppdjdcrrlf3teihm;u10;public
jtv4tm08pu4socdedc3e503gt9;u10;public
p70krv79f9e2p98bq75o50ed54;u10;public
i1gfo60damf59f0lnt2evtlvip;u10;public
h8b6l3qu6ko8qh16p7hoq6c1nl;u10;public
7q6htildv46j5q6kccfmnuj6o2;u10;public
5ite70d2trvijijn40f9no26to;u10;public
gdqjl9jube5hp66dc1o5bi6vle;u10;public
t5uugpv7bdbhest3e52jv0e3j5;u10;public
61u4t5md0tlklr509v0cmk30a6;u10;public
25ftbvlntbt8kgghe3tcgcl8tf;u10;public
kt4b8sis1r3qgentma8b4kjkft;u10;public
qkehts4d98qjqi1cinld3s1bel;u10;public
93dlc84s6qvuj137pvd3tbkpcl;u10;public
f38e4pjjrc4qnqjiua9aef0t02;u10;public
7v0o3knh8nkkp26cthbrljjv0r;u10;public
d0oj9acmqnmh46grc0dc9bp5e3;u10;public
r9chfpi2als2reuo1ugs57303j;u10;public
i3k5qhm1u5aosb6f9os4g5lg88;u10;public
e38eh3oq88l872ifee11cpkj67;u10;public
lmh2va5jt90m3eag5aa09jniqs;u10;public
l1fof4l87otso5slmfr9lubpum;u10;public
ilgaokbe0mvmdol52i9gqf3iqe;u10;public
4cc2vko3jvac7s100efnu5ih9q;u10;public
urvj78gadp1b0n423gm3ld0nre;u10;public
m4j3ct8dq8jg2mhj6o81ed869r;u10;public
9t2phjgeba875sloqs1asj0776;u10;public
cj7ikcl7hci3d9gmth7jnnjcia;u10;public
60m5qme7kd1n4jh43o7gdrgajk;u10;public
o924qpg255c77qg12gl6dbbau3;u10;public
e6ganp08fm5svq70js0m7kfifh;u10;public
ma0qc2ta0k5ooou4sdqt6vg352;u10;public
58menvomhpeb0k7u742h7oka87;u10;public
l89mpu6itbvuh6nbrqss8b995;u10;public
n9c1vud090hf73ccto8vb16hl6;u10;public
epdfuqk1414qtr8sq5orn361fd;u10;public
s6r0pdcr2u8792j0sdqg5rg6cp;u10;public
7kp4s40d870eofjp3ud4o2ajg0;u10;public
2ppgv6b4kpdufvf9idr4otii9a;u10;public
ibnf6p21iq0nnhva98thf7s8c9;u10;public
kig51nsiufo4aph5pmg4u9fnml;u10;public
28vm262glpe8vd4r6ha7a20lo7;u10;public
ps59epltvh8jrl9kvuh1hi2gfl;u10;public
283v6cddj7utpfkgsh74dmnf85;u10;public
np8vpd64o5ek3mpfhq3otrug00;u10;public
8g750srjdubel72uoo83i7bb3o;u10;public
r1fjrlhlfocs1hkcf2kcf0qdg5;u10;public
894thjlnc0qnvrnr6cikkv6vbn;u10;public
619cn111020st7mbl289ml7d28;u10;public
jge32m7gfhjljm9nu00m02fgao;u10;public
2e35dsmlkp242nj9cv2khhgcv;u10;public
u5bom3nqf9accfe8olal5ngaeo;u10;public
lqabm2r92kuhdfrp0kal1cedqa;u10;public
upiibi60t9u00q0u99j7driop4;u10;public
se0a2jo1doebm4atvejfo14qq8;u11;private
aosquufopm2de7icm08tj23v78;u11;private
mh5m3s7hglr3mq34p1blsmq6ta;u11;private
7jljqsbs4ucbggg34ph0imlij1;u11;private
rc0uv77l9tauoq08vr0u3kce80;u11;private
oq0tscsc7q4p8dmdd7p66nu18u;u11;private
qgdva35rn8sq8g537oac7anode;u11;private
47s4b35ugmq7u2nuv9er1mqcq5;u11;private
gn012n8n4fpae3ir20q84jkf66;u11;private
2fh79e0mqofsacsgp4985l2i0i;u11;private
76gqvlmfoqk514q06mjtm8fg8v;u11;public
e5sfrmtkn9kq90g4nrqblniocd;u11;public
qucsuitagesgvm4jbo0uu0o8h4;u11;public
21bmgcatjpvlp2dq2g41dlvjv5;u11;public
26uqbd9cscv845c6j0fu0abld7;u11;public
br2er91h2ivcn5vg6lphqcnnt3;u11;public
rjfnt4b90bo0qmaq11vrrkjjeq;u11;public
p9r4d09ra0gcer6f2gu695ok3i;u11;public
9d3k8jde5g7h7fp0i2f7u2gkju;u11;public
vfsaa78irolvlcojbq98tk7o3;u11;public
goib1gbgt7rh408g0rielo6vo7;u11;public
s16piho0lsp1ku3hdr3o3frr43;u11;public
r3ggl67315fejcch6tej5ov8on;u11;public
g80pb5n76l3fluhnmo3etuvjid;u11;public
rgdc89ge2nbbr3gqiv7jg1hurh;u11;public
pglc1ht37k7eneg6k5ni6cpf77;u11;public
hfpq750ifq70a64i28et8nnsb0;u11;public
994dscbfpc8sdsq4etkdg51mug;u11;public
bosiooo4ounlf6tcmflbmsqqbu;u11;public
84setk0ka12126b7g84j1rrlrm;u11;public
hr821v1qhooe7sjda810a8g3kb;u11;public
mhn3cgulsd7t3c15fhbfl54mjm;u11;public
ind4712o6m0m51j901t67e95b5;u11;public
f81769r4gj38m0g69f5gsruojo;u11;public
n8mat95lk2j6142vqlen3ih46v;u11;public
cp40h5krkckod0l2pmqphfdmh3;u11;public
hgp8lqh8be9jdar2cgl57cjuqe;u11;public
kg4gocs5dtrmcrppd90fb3m0p6;u11;public
npbfcab4p10r8uvq8nljqa8qo3;u11;public
2f3q4tekt4orull4p5elvh8un0;u11;public
kc4ml164mr8e4fvbbdlu6093ps;u11;public
ts2t60rj1a2khcstu6mt7bsnv0;u12;private
pk7rmnt2k2c8s1017cct1ijp5v;u12;private
rnolkj2o1vggif8jiu1klv0bvi;u12;private
kk7tckj778npbihm3p7qpao73q;u12;private
12vlu4a2qedghup5akmcuetj2b;u12;private
nqjb4lukff5ughdmj1kvqbapij;u12;private
45vq5aqsnhqsc3s8kmm54b0jfl;u12;private
tan83tc8phht2eu339o3oe79bi;u12;private
prh1fmdupegb8lbmtkg44tife4;u12;private
4is8me9ril16r5n1j33k8d3272;u12;private
nd188ts2v2vato87nd2lcvosul;u12;public
ggoq8v0b4hc7rqrpbccntjc45o;u12;public
ji04e44ucm6amgei19b2btnvnr;u12;public
ldr5cng442j6bctapcrbniobcl;u12;public
hih031rv2mdtdhrg3qfd4vo9c1;u12;public
tucs45q63raa5l4i8o8903ij09;u12;public
cno91m6oqlijaeennkt3nhb8ua;u12;public
94pu79nmlko7gsa01u8tfea2bm;u12;public
k98a18h5uts0tkfaatk8qrf50f;u12;public
8n55aql1bfqav7v8sih2tdcikb;u12;public
jkaqbs2ce432ribtkpbmlu0fnk;u12;public
tr4et9edkuv2ugmakkneib90r6;u12;public
u2c3vg4ceo0hvlta70mk7nlpv2;u12;public
62ps75aiq2tgf42e4cc6b8jf56;u12;public
p32jg6p6p3n1id93u2c8i8fvqr;u12;public
1etm96l012usjfj6usntm58uar;u12;public
ut36hnac0om4tvohi06eaupnd1;u12;public
dt7hi8e1bsd9mml0qm12isrmkl;u12;public
pq530t4r6dtrpo3bh5c91eibrr;u12;public
ahr1csahn2klktvcc2roaa0j1r;u12;public
m7cr73vorlmmjl063fda7vqb1o;u12;public
fa6jbtfaam24047o0b4u8v3pbj;u12;public
lj4she36coilsbb71odgr3t8s9;u12;public
uqc7jidc37uf1eqmuuh0jmhjs9;u12;public
q3689jmndee8eb7m9jm1u41o9v;u12;public
pvglj3jbhlfp0g61elq407epdn;u12;public
dt464eg9ila6rk4k67t48o9s3q;u12;public
th1goks5ju9g9ntsuldcmq1v2o;u12;public
8djejo2b9in94u64cakdfd1iqj;u12;public
tgoa70f099dqj6vpbgdn2miini;u12;public
ce3iialfeljrmd9n9r93f2244g;u13;private
676a0a6j0af3tp3jrbog8vb9l;u13;private
805a8hc8obmj4uio09n9rr98sa;u13;private
agi60p7rvfmcgudsvejc5abaub;u13;private
tdq1g65h0c3t2kq2av300lhgq3;u13;private
1ieac9u6bms7r3q03kfbddm22g;u13;private
oqqijekdar29uteskgd9gprkpc;u13;private
1v2sho7eq3je7i0dq1pbcthl0k;u13;private
uki3tudj93ldinun5v03f0n193;u13;private
3u7hidaor52dqrm2hm70ahkueg;u13;private
hft5o33th8sjuiav2cgc2nmtl1;u13;public
a65cd2cm95g1ilf4kjn93ph2mj;u13;public
3k2ar7s4giine9oh04jhbdl7lk;u13;public
49vghhpo7tljrbb7rcu2e84kp2;u13;public
g4p53rcduvm5gb5desprp6r2q9;u13;public
gjtm7ht213i7mqdl1ne6hm2af;u13;public
ap2b4nu8rks0umoe40c1nld939;u13;public
fc394vrt7bhqejeecf2mudb4t4;u13;public
au6tc47gbccv3c8e83smlcksrs;u13;public
amjdji6q7t6ju365udj40a7t72;u13;public
pv94aoetfl5j3j7n5d6j7a0bfc;u13;public
vvq34ftf982itg3v1sp21uroaq;u13;public
mm4nlachpseij1ft6rvf338pf6;u13;public
p6cvtd7isdl1osco9k43lc0m7e;u13;public
bp1pqt156mmvavv1co4a5g665h;u13;public
1klmbbakv7bmmt98al3m80cd8r;u13;public
ss8k6lgqofbr6mud83954v1eoe;u13;public
5rt4nvk2s9c53maqql9hhg0dnb;u13;public
gtelthfajvm5bp95jk2bse0kdc;u13;public
nmbsqkq87bs4obik6tis5bfk85;u13;public
de9rn5k1c25631oiqu7qvarhal;u13;public
j865ftuvj8lc74q7rf3nm5i0hv;u13;public
kas42nrgh24hcajsguspungmvb;u13;public
u160somomstlsarocettkg7rh8;u13;public
4gqe8b11bgmo6608v441mq7ns1;u13;public
h1uu5u0csm0qdodrigkk8c5mv3;u13;public
s8l36kils3tcqhfks8esfi71hj;u13;public
ua3cq2uudntn4qj6rqvuin9pt1;u13;public
tdgn0hlri7pid9b0nchcvlttjr;u13;public
bhp2mjv2d07n2tjhrvprf34ho0;u14;private
g7rjtm069go2dlisaqhllbd43d;u14;private
5ekma4e62iaio4n1lc5i9nlchs;u14;private
h7cnl8j012uhllkf6lts0etodi;u14;private
fkr7237r2tu8dgaa54r346mfr6;u14;private
st442sji3ej3o3s7sts4rm7req;u14;private
17474g0hu2cie7kfatnddqcarn;u14;private
fp47u10lnc4b586k9p85b47389;u14;private
k1cgklogfannufsm3u3ev3gahi;u14;private
sq3p982hhlsijqrthl5ded0gbi;u14;private
er97stptke10dv49cjovepsni3;u14;private
ivart9ck1ht72fik8p1302ea7l;u14;private
cibmkv985557uuvfc2oolaet2m;u14;private
hjlhvp3303qfthkljkoprurh8j;u14;private
t710d0cdsjac2719p27909qrh2;u14;private
18d2cggpr0e0nlr2g94ds5s9rl;u14;private
gjjncc7q9ocu4bbnu3dic1t6k9;u14;private
c1p6pv406ah2c58vaf5qs2mdu3;u14;private
dpl8thmii594ffcefppfamvijm;u14;public
relhlgr9e3ls906c69jc8sokb0;u14;public
bv0206l0tlid7omeboabqmtr4j;u14;public
bog5vqvi1m1hi5k0hgeq8a0uc5;u14;public
q1ttmki437rqd8magiai64p03t;u14;public
fibdrrg1fv0umqkqg9ednfabhu;u14;public
olrn74v7aj2nd40b1rvhb6vea8;u14;public
c0692j1ph8bi6cnl713qn9a9h6;u14;public
m864475uj6092nfqj4mlt5s1iq;u14;public
kg80c8usag4d3u6e0bf7gu1et0;u14;public
i102o09go014n1oei089s4pptu;u14;public
vl1rfsobfpphi03ju8nsf0pi35;u14;public
fe7fqa5k3s6kir33uf0ada29vi;u14;public
shqm3qcb34l4g7ikhc82aqhatq;u14;public
upkfo9uhejj0hq7n3hvs51chql;u14;public
klfd7farhrkseihgupb63luruv;u14;public
doen5j2totbr6p5a7je3jpbc49;u14;public
i6527ei5fpb7v8hkbaad6micp9;u14;public
e2p9sb62ahm7ncejtlchk9ar43;u14;public
f9a4rsjo5avqhqmsuqb0480lju;u14;public
v3a2j0oe18760ddqrqu70upk6l;u14;public
2p3eq63bgnsrjnglbtatciose6;u14;public
d03ttahr1v9k59i74cc6shsfbu;u14;public
58bfus2il4jiah4aku60jkfbc9;u14;public
lh4lrh64ndp59ui3i5j1eg6fvr;u14;public
hc8ad6qqlr0g2itscfkhukq666;u14;public
pcs0u274r45rg5dk534q0f1daa;u14;public
4ej587usmhh1h6g18nrs31na88;u14;public
5lis3ipp3s5u9aer7dd25vvlda;u14;public
hmorqvve1rkd6qgi422rdo24nt;u14;public
54akqe7rvpv6eqj4225mojhc5o;u14;public
npm0h9ki1qd45ienv29l9c0gs1;u14;public
c6o4sqe61ns71ceuqm3porja6u;u14;public
5mdr43fidc7dj2lhsa9olvhprd;u14;public
npp4v21jf2le87hdorob6jnkjh;u14;public
b15921odke2jo93ttpks195frs;u14;public
ds8hoo1o22jib52oc3mui3m1h6;u14;public
i05e354t8uthu9uq89qdachpso;u14;public
lkrqkltd62u0c16gljvlbffrrb;u14;public
p1cn6age118m5bc54ntl7pp4ut;u14;public
gvm2o3k8enshhdk5hjkbt26aol;u14;public
uon31ev8qvsbaek8mfoj2ia0fq;u14;public
nie56052a36ngubrf6ffvlt00v;u14;public
el6ri4gb99pjk5jk78qje45jts;u15;private
5v7uafoompr8fjrksb0b9p5umh;u15;private
mh5600h9t49bjjh2rsrbcohtn6;u15;private
gnn1d4gfaa1e7k65ol8o0v2od7;u15;private
mus27li20l2emnouqscqjed0mg;u15;private
2gn5a9kc51ba4a5at2ccgqs1so;u15;private
f8823ak7vcn902fmaepmeptpr5;u15;private
ooe6vih6if8fgvlv4mrvh6ouqr;u15;private
nqdbjpuf92kg2b1bqs29m1i30b;u15;private
vs5gjhrqspeb8v2r0ndiul7ech;u15;private
oe94og2tf9gfet6h7ksm6g42du;u15;private
quga2d5885sgqnr3uufmn6tv7v;u15;private
g0na2ce4ddjm8e6ea0rp0hqrih;u15;private
vbtehent3uaplhq2l5ufvq61e6;u15;private
q5girsce86on1111c2ldrqookc;u15;public
mt25cflacedoes6gp8tjrfl1nc;u15;public
sjvl9ig07tek1cvenb8pp71e9k;u15;public
ukrvpm1pf3a11tu358f3hckg53;u15;public
d9rv6kq3q7u60e6nbfd04ja6ju;u15;public
phb5jokefgum0if5rib8qi13pd;u15;public
5eo1tr0n6ssh12ihhpc1khmggr;u15;public
456veq5b1n6dtvecvom42fp77e;u15;public
b30odqv98og8cgc3n3snvjuiio;u15;public
e65iqljtm8e4kj6l7s2sk58ore;u15;public
g2nu9u4l2jbnu81ubgr0deu1sq;u15;public
laa0tdnqjmcjcs1hhs2d2v00rs;u15;public
un7roa48cjingi6ns3flpclhsh;u15;public
fdap6kgq86m1sipafs8rkc5vd5;u15;public
a6icctl4nasvs8i04hir47re62;u15;public
9akdlmco2gaj8jl8f93g1qhk26;u15;public
ko6llnvch4r40k78899i20dl9v;u15;public
r70n6n1bs707asevgn06gt25ga;u15;public
6kk181ij81m4i36t4g7qq5k901;u15;public
6f4cqqe3p2g23ruogrlj2mf2fo;u15;public
5a2u3ogf812kr092vlspni4mas;u15;public
vsrjlbl7mti17lgcum5234u2jc;u15;public
m5b1iu0fmo59qf2enacm9914mk;u15;public
1ffud9i30jrnb0omeia8copg49;u15;public
r8tedai166qugld19202k41nab;u15;public
f2mroo1tl8p4rpj3ab2ussvgqt;u15;public
1dl7q3r6grjj5kggm771iftl6;u15;public
ovs490vt6lhdslk1gv0edd0ofn;u15;public
gjkc3ii69198ei8paul2dmi7de;u15;public
iq9ij701htvf5t98ahmhipiapd;u15;public
bavoel3f3i6vnvcgsnv0l5ssrd;u15;public
qolb8s4n4jb18l33i5eldcitc1;u16;private
h9tt4s5v8ms7fb4t4mglccmg3m;u16;private
prrgqifutppvdjdh9gfel3pk73;u16;private
qlojabd8k4tv0hecrt60bkcmfk;u16;private
otnk13vrme2oanhs1dbtmad2on;u16;private
5pfq3cvfcvhaa286eeqsiq03sp;u16;private
5mnkjameaahki30rat1od78tpe;u16;private
nkev3s0b08fjoda7tds3c24qnh;u16;private
41fcp29q2q16203l8000ue9g7d;u16;private
g2eutuc1acegg6ijqrf01rubjf;u16;private
lfbugceuobfi778krcg4i9hjac;u16;private
p54qo6555vv3sc9sstoo40fhng;u16;private
aopm9us4hbu4ikh1ohskj38q8i;u16;private
hol7movjs9ncr234pob1m1usng;u16;private
8o635rmfqfp4n5ad0fnujdub1m;u16;private
d846tnpr0088em2ooo5i52k6gr;u16;private
uunn7m4eedfagqn19jeibr1vlq;u16;private
7ad3cn74lj70l2lnhs5imoc1nb;u16;private
uf52qfbka64rdrlfrri8d2606e;u16;private
fc2bg6j0j0qqe3qu1ubkg8094;u16;private
9vosjlo0dp19q4aac4ca1nldu5;u16;private
865506nn4gc4kraq70qkqbhi0f;u16;private
k10tvkj843hr02caefg3t880hm;u16;private
4l98fak56ldimggiodckm9155g;u16;public
2gvm05b2s1g4cgkrik5qc86r5o;u16;public
bsavk977a9ooue467h56tp0vj2;u16;public
d4d13s346l9cgvlfb32darug5e;u16;public
37jto7bscbp67p5k7ft9hnihcf;u16;public
99ehejfamurme272aorck02h6u;u16;public
k6ao0g4g6o9rhcr4asagcdtrf5;u16;public
c5grdjt90ontu1b0tka7td5dh6;u16;public
g4idc65966ej1imfoupumgau5d;u16;public
m7f0v0tpb9rg0b1620jcelvg53;u16;public
qqpv8eg7c0d7gds74v6bm4ttc2;u16;public
nkpjdc0nrfm7ar7mffcjcn5hbo;u16;public
pbi2vo5gi9fgo32hkvjg48b7k2;u16;public
8k1dtpfl0ds03jk7sdk5tuov5a;u16;public
vn32jq19hd3td9ojo02dijrila;u16;public
pu82c00mkvraco5nrsh98pp02g;u16;public
ubjnlm7praq0b3bqvdo6v8bt92;u16;public
rr369cn71ql12ma6jpajrse7tr;u16;public
e3j75khnnd3ji6igs3ob81ba36;u16;public
9kn3chb47bhjcc2g04oopl6dh;u16;public
gfuf7j5q8d99meaff7n18bv6uk;u16;public
i68oknt8a4g2jjj21eeranrisj;u16;public
fveon4gqtegrqapb0hck88jl7o;u16;public
aadnmak7ofq40eioa6dd4fnq6a;u16;public
59k90niplg4erjf4eb8nckm3os;u16;public
jlefrllnbtrv51tkecr6vditfs;u16;public
33e7599u82dppqhivlkkak6f9u;u16;public
t5f5jsm94kq7ujnn7a8ihornjk;u16;public
ln2tu4fdrkolr056gbab36q24;u16;public
92fmndh95v845f566rm62l6np7;u16;public
k6sk56nlkenk4u3hhg4ik6d3p0;u16;public
c55uilc24jhvsgpbbbovarsv7b;u16;public
s5a2m6kkkpgr48f982m0qbfhco;u16;public
e5kal7j65vuj1l6bl0l3739r1a;u16;public
mcm1f5tuo6n2qiia6hirpish1p;u16;public
1h5qht0u8tccoj4h4drqvldqm1;u16;public
9q8tnr2bude99kp43dgc877o1o;u16;public
gt0f8ed09sqbqdtitk1kupmppp;u16;public
mtkv4tnb9phhi98r63lgbi8rck;u16;public
7ts601islgtm1c9n20k7j6oeru;u16;public
308ugc6eaql1i21a66ci7na5fm;u16;public
t5khrjsig61h9u6qkr0kq53lkr;u16;public
cj30eq462bjedcena12f9g6i32;u16;public
v8j8toomfa1squhnfs05nb7dpl;u16;public
c66pqu4c1nc8tgfksden5qo497;u16;public
f8in26bdh4op65ah1v6a4tfi0;u17;private
5ci5gqdabtbk4j60fr2vqgsu3v;u17;private
2l2a2rteqmnqt7sap76m3bbk2d;u17;private
bh2ed2phcbeabui0fauqtf368c;u17;private
c0hv15eu6i85ntjttk0l4ese59;u17;private
5uo6e9p0liio68ef3800hfhds9;u17;private
if26qpuspm0rddvn7g0mlkatkg;u17;private
o7bd9mg0btcm7nfsj57er8v9qb;u17;private
8k6508tn4hdkckocbffjdg7618;u17;private
c5ggalv7etcsdjqjp8ib726epm;u17;private
16pjlespe5m4kfmks67ad22p14;u17;public
pv3h4lp77d3k5n1jj6h6ul0f5r;u17;public
66niqm8e0bouk9crc1g2e713do;u17;public
fukcrnrnih99jeh4sssp6e1cai;u17;public
vo3sbdm9n8mdim303so3ltsl9u;u17;public
edcjma8bq4k8r5mmosfhclpg18;u17;public
6te8bsu16ft64o7kggldq4ggk5;u17;public
vkfaebrgh8se0h9uk85oc7cjmp;u17;public
4jrfqu5gghq0pg1p15f6d9pbud;u17;public
hhj94vpje4g8q54ltkrm6d05d7;u17;public
o6v7va4crrigd6cvq4oapefagn;u17;public
6deeacr2kbi5pmcloot26448kp;u17;public
8h2bom8slg3lhunp887fmikn05;u17;public
rja7c7esrrt030cf20dfogo38r;u17;public
be3bmaujlfjoq9t2t9ft1hppa1;u17;public
r2d89bf9oab7u3ld0ol4ufn98s;u17;public
1sr5t3deg9d11b3nv37gg4gbm2;u17;public
8fsm9e702cj7pbvc676akurh0b;u17;public
angdq4i1og46sbd9j5msoksf3o;u17;public
4o5p8fos8e61is1uc3dlge0kcu;u17;public
sp3vbaankdnc21ej9rof7i0k6u;u17;public
oepdbffd9jpucdi7ddbg4fobgo;u17;public
9e3p1vpclm2lq214cj2vndet6e;u17;public
gjb7kb7mppfvi6o7e420j8s3q6;u17;public
busrh0n1heitol49nko40liong;u17;public
98ig290rgd9ogr96sag9l3r169;u17;public
c03o6lol1q9t5195l5vk0ssrgb;u17;public
a3oq3euhmgtve972p8t2ga5r7r;u17;public
q3ba5qqp9d67c8hinnb4h2qkpl;u17;public
vdbddrmkd31lpd8im78lhh3lfj;u17;public
c8lb8hkuuguiin8ekk65irli52;u17;public
aos7ceb66gsehjogu8cl0ig0t9;u17;public
ncpgk343arh582lq84kikh2kg6;u17;public
1i512a58vo8ajh10c7d38em9mj;u17;public
ofbl5n94af9qv0cof64ggbpus2;u17;public
hf6okkdm2c0sm3hqqelbquakk7;u17;public
p1nqs28gemoicvth7sv55j3co8;u17;public
70kei45s2brbnktjbg3ner0buv;u17;public
l34jucip28kdb7kse79bciv7l5;u17;public
l6bf9of045r7f5p84d7op1i89p;u17;public
a5vk60ift5v1guch977mlp0q0t;u17;public
gds2q4c8njq4pdkeehrii0e1du;u17;public
c9vu3fi103kjck3hutt6o8skqa;u17;public
gq0l35td2qrcr41uhhilc1oeb3;u17;public
v2r0s3r5hd3lu40v909dg25tll;u17;public
vme3fsjm1d6pjnrjngbmfu9uv5;u17;public
d6noggi6lj2h1b8ajbeft6mhpn;u17;public
d2v9ulg89jrt3h292au3u5hhmg;u18;private
bclcb54hom34a8erb3s5q12ilq;u18;private
oh940igipg2abp6ftclrik5f6;u18;private
4ufk7p4p9pdkhgtgi80rjcdoim;u18;private
ar2g50f8lmg39pvov9droalp9p;u18;private
28bvd56ahp3stceuuoabqlgbj7;u18;private
ja3nmsk8eti7updql6divq3h5l;u18;private
pi50jncep4fu9ecbrj0danb69j;u18;private
3jj72s4c08o0s8bc0u1dtatbla;u18;private
sqj5o055hqtae6fu229e12kjti;u18;private
g0cj2l5j49n8sd9te76q4v8tij;u18;public
hgnjdovh5hhinr2m8cbo3fqn98;u18;public
44belt6m8625reqd03hrv7uilo;u18;public
4dkbbc3c1j0jmdp7ne2s3c5qmf;u18;public
q12ho3klcilb9hpvc588eeic11;u18;public
hksmsbbu2qm25rkjfbdi8v3miu;u18;public
mf4a839ofjepsai85e4gptpda6;u18;public
vim9hie7o789g40g424165ksht;u18;public
rnsmtb7ghctu2fcaf43il7v48f;u18;public
29t3t9sbm6n2d4khiq8roa12ms;u18;public
h63l3mppt2q7us2qfbenlurhok;u18;public
ce8r0c11qkt5e5pelomrjvlhp7;u18;public
i988bjs4acb802dqrji38mnep2;u18;public
bflafgacgbd75jf63nujufqpl5;u18;public
smn5jk04tivg7peksddpjnjps9;u18;public
6qbtfuckume1c5r7nj33nfpanc;u18;public
kgmv2ikevn345h4a00o2nkhen3;u18;public
ng4r2u28dpl9r3i7cjttfko73t;u18;public
12m84pi86ahpkl2ueq1894snbo;u18;public
dg4itncuufjp0qu88fcda9mni5;u18;public
9k0ftto4p52k2ng3qgmns607ht;u18;public
edfcoooj594ug754tshregs7cd;u18;public
c9c7mfkua84lsi39khjju5gblm;u18;public
570kbs3hehodbokuk0ior7trog;u18;public
l5f9d3lh46rnnkv3mv53josf8i;u18;public
lbblnn3a0qfoa23jgog9qif643;u18;public
2p8hjvhod532l9k8b68l7jbbc1;u18;public
13qo0ul8s070gsbl101kngk6no;u18;public
5uskh1b18guna3ergfe9fioqcb;u18;public
q78gpt80557bca24ojk333ciuv;u18;public
s7clsebqtd432gir9f3tpk2tjv;u18;public
l6s6msa57pcg4di723u130j30j;u18;public
5gdngn098acegu9j4md9f12b5d;u18;public
a1bdkp70n3297vrq83jrrjiv4r;u18;public
sffhol6rbkudb20unoce1fvjgc;u18;public
p5bs32591p65mfdvvqvo1t0ief;u18;public
v7o962duluc1col7m5i6sr38m6;u18;public
lq6697s56bo172av7i4k41e352;u18;public
d5bq08pdku270nhuunnb8dkaau;u19;private
27n5h6m8np7k0gp2dncqi01rnr;u19;private
qjd9cnom77k2jabegju37dq8tn;u19;private
fnuiqtllg2tnkh01b7nv02mv7n;u19;private
c87s4o401chksmhpbi0m420hfb;u19;private
o6n1b0079vcg23k78895o14361;u19;private
6vohu4fk5oc33lh6llh714rva7;u19;private
u0p1jgn46597lk7m9ir4qopk97;u19;private
3n4lmtumq6ccc1peh7ai8genpd;u19;private
ijad2m3mjthlcdhabv8no9a4hb;u19;private
vn4n8f41me7ee8962ib5g6l1a1;u19;private
4q03ju5acjeqt6us5aqelbpdpq;u19;private
d3r3hbg2o53kb6oas0da1kurm5;u19;private
dpc5k36b00ibbb0vocbvomeekd;u19;private
908sna3o98c2bbu6v5j43cmh5o;u19;private
2epm74g9nrcsn8ml9ui688art8;u19;private
74rs87348uagl1oqntnlodldk0;u19;private
tsbsmdqsmik6cvksrurjf26vb7;u19;private
3cvtqt17n0h6bnk3di1bos93ec;u19;private
amjcced6872ds2tpteic835mqu;u19;private
ai9nj493ss1jdf2ap11h5n8dl1;u19;private
kr0jjf44inei5t2hsarhu8jji5;u19;private
s14ufhv5m23psr1i09jo2csrhi;u19;private
mf4if0i36qi5kq2at6p83v79vg;u19;private
tf9snev6j1pl5b7q19kdohrcmo;u19;private
lan5pbue55s300e6a9qqoc75fg;u19;private
kjeetq9qqfjd38dvcflrlj2nq5;u19;private
63has95g6bi3hfmc5u43sp2372;u19;private
kiup4ldd234cb8esv54fb7mog8;u19;private
27mkg6ukibh3fn1ikm52a1aiu2;u19;private
47d82nbdtu6mfeuanj7594o5vv;u19;private
9glm887mi5hbp39runggnhjf6m;u19;private
ostcj8ag449n8vs1tpdp0pqhgg;u19;private
qm4lcl047r4hesfqkehdrrnadv;u19;private
c347vptt7epaitku9pep7fr30n;u19;private
pero5k5rgidh5538nqt1a0h09a;u19;private
ebfqo12bfjap0i4ij39g4nfgig;u19;private
mq7m9ffde9lgedudmtotskd82r;u19;private
baqfm5fi2mpavt7646a03nvhf;u19;private
kqj1a0crs6a5cvv30ir546vaei;u19;private
dgbgas2f43kcpa7tug0oopt86a;u19;private
bq51alp7vokeeksifpleekse09;u19;private
2linumi6upk7gadurs875vde9t;u19;private
lghc9o4g8rpbf78oapnlbph3nv;u19;private
g5bkh2u7sf0260d141mqbmbnaa;u19;private
j65bfvovhvknask8ehlp6mj6gm;u19;private
bqt9u1gfhij7kiup1avn1b25t1;u19;private
857nckfet03rlaq9l011irg1o9;u19;private
g3irn5l5oirharl5t1np17gu19;u19;private
28lcaocc5r03enal8h7smgkt4l;u19;private
pfgi21gugs8j0jp3evlub6j7ca;u19;private
g9tqt4sejdaibbp8vgck7o68t8;u19;private
vm7rudculfrv3tqa586idp0pg2;u19;public
pae0ngid929n421mdpo26m7mis;u19;public
lskignh4utc7233l0qhc8bck44;u19;public
nmt4rl6od5r05f8esp04kuuhs0;u19;public
23ctue8heb0s8hilneeame089m;u19;public
j70boumf9b2iqsr8nmf8n3leo1;u19;public
pt3o6s58238hvo3fp9ap0ea8hb;u19;public
vuckvgeli2efes4eok1e71cbfc;u19;public
sm6kvv4k39dvflt23f9092ng5b;u19;public
p6mnep4lpb922dut5tvnpa1brv;u19;public
aqb5k6jbri15h7v5eab4gtcnfk;u19;public
vrh3065g2tonlvv1q95crk4qoh;u19;public
hfo9ro13dfpln76lb64sfdu53r;u19;public
vh12ok9m8olks90fe26duoh20f;u19;public
i9mpj3lj9n24lgbansj84g3g4h;u19;public
h0imu8rp67i4fjg2b92ekdscio;u19;public
ikeqe3il7se0fgedqa1onpg1el;u19;public
m713iib9qhtdr5f9s498s0s7fr;u19;public
5790idhun2f270urjmlg5i5usg;u19;public
qohlmgrflu97bsstov6phj1uo4;u19;public
69qr00nk03cnvlpjuiuscrdrj9;u19;public
4kelgn03s7bi2jhjo4stuo7231;u19;public
9gv1mn4otdnoidfjfclel4a7vd;u19;public
s6chf8s406it4ied5kgj0qqr6e;u19;public
4keuonlsg1dq97q4s5qkljsu6n;u19;public
im7up3o898mpqntj373i83v5mm;u19;public
9dl27n13q8391q50ns4tkp1pak;u19;public
eat5794bn6jdsdpi54fphbbp0e;u19;public
2pjca4btdff2jubrd78dkdgfdu;u19;public
gjef0qd424pfb88g1pe3i93l9o;u19;public
q7m5iofjb8ickcjlps740n3ql5;u19;public
bdtd43rcqemsso7g17k23qo0i;u19;public
55b3u4bme65a3gj8l7hi1b5oqg;u19;public
mf1e3cf9eshp6mcgn4namhucbd;u19;public
8s416blfhd735oj5alnlmllkm8;u19;public
9e2gs8rdb7c2hup9jm98jkifnm;u19;public
hmqf5h58ev600ud0310cb7bo59;u19;public
oe45lb1ll5tp7kffompi918ms3;u19;public
nvjoe7l2qgjdbcbfhkg0nddmau;u19;public
2v9im5497saijdljrfels7nhoi;u19;public
ve602iku6sj3lj3kn2viau0gdo;u19;public
q65goi11jb4hl14guvn84l3mkj;u19;public
hfc8uf83cpujlddc79j321i6hk;u19;public
nchc6vcv38nf7mmdmijb5rh0mh;u19;public
fu29vtdgti4do8kj1sh7sog3co;u19;public
vdkqfu29ja1bvma44jg16aqjot;u19;public
ocgtfiu48h5u7kqqjp6h8mfth2;u19;public
2be8kfv3f7q81se6shki8cs4sq;u19;public
a338kf3n7b5f74i5qug3d0jrq0;u20;private
8kvgshv00gob78ism8mgavj2d9;u20;private
i6imja06v095b8c2t6juqokqf5;u20;private
ilg82amc7jm7q3h6s10jagjupt;u20;private
3t8scafubhn71ku5e3frtqriol;u20;private
djrl4q2k9tknk64e5jidhcmqlf;u20;private
1cgpcp9j6k6hebri4s7entinp1;u20;private
5m0n2qbkc7t8d0quojpubdmmrn;u20;private
4u34cof4i67js58n5d3limoq4m;u20;private
svfbm00uj0idkeamis55rtd47l;u20;private
65f7fjlsqpmrrbc8ig75tuf8td;u20;private
u55jvnp5er38hbj8o05b7073n6;u20;private
ldmg425cp998d0o1232j5i3dn3;u20;public
pqisijgt6bpopo5hehc4fiaito;u20;public
9ksv2lfe6m3kll5ffql84oih15;u20;public
l717dsbb0gmgqu1c167eqq41s6;u20;public
gp7efde3stlluuujomg07etfgf;u20;public
btme7es6h1dqmak1b7j4dtp5i0;u20;public
cj3bpmhhvb5vnno03vfpnvappk;u20;public
arp52951ojq4rujuv4o20jr8du;u20;public
dmr2im2ss27773fmr6sd9eoonn;u20;public
25d5974g1qhksq79u5boij3j5i;u20;public
g5mfnsj53vdp6suhmosfpnobel;u20;public
lbkbrc4u12mlhqj2bf0m0r3eu6;u20;public
uiukjguugdkh2t9ah9on4lptpu;u20;public
qlpq6q8en02tc2ve8ct2qhqeus;u20;public
dkgfnan8amqdhf25tu0544cpnc;u20;public
fob834ft7tr5e7kl0raq2025rm;u20;public
4850qg1pprs3c9qkhc977n7t1b;u20;public
ed58i3257g14khf66ha5cu8ftq;u20;public
picagr6ngae8srdnm1q7dudj6k;u20;public
a5gahkmpg6mgbaeea0m3mqd4da;u20;public
f6spi7soaegqoqg4tn5ukfcds5;u20;public
48eag393v724faht4bvfk6pfoh;u20;public
2dbq8nnv27jmt3e72o08ggif11;u20;public
ch7tluvr138gvl3bbgip7s4pvv;u20;public
tgfvh5gmtmv1puk59a40lkqi8r;u20;public
ebmip7jd3p394ibi5vcr2lfl5v;u20;public
2rfplr2fbcnq17s1snr8i1ln84;u20;public
7okam7csoufr47q6lan4s5resf;u20;public
374jp31ciqhujq3dd0b5k2mss9;u20;public
74t7btibscrjh3k7b6kn3bd0im;u20;public
bntmpgpt9tba8j8t73teriqeeg;u20;public
bm7kla3j6kh8mmlntkqr3031om;u20;public
tcn0k3h9797uqphmld7jqndldo;u20;public
iknqcq3jcl4rehgi7p80tehrf9;u20;public
sfmlgbadnhl1l8cm8ca9c52npo;u20;public
8ei174vkcq561n8q3aptiqltka;u21;private
uf4tug2ub0b26itqcmoah5jtke;u21;private
t9kdmmte8cal8d4k7pjqsbjngv;u21;private
aucbt2tsnihtb0qqb33uk60og3;u21;private
ru50bndgqg400mvhap2sv39guu;u21;private
7sdpf4s29dfn3elrti3r0miu8u;u21;private
apde86d8cq8kn47e1rsdtgs6hd;u21;private
q64ifhnc6381k7kcjppca6ijoq;u21;private
85q5lkg2adbrc45rp9dapp0s22;u21;private
v332gp864b6umj4hr4jh14trkr;u21;private
i3j68kims0qkrvpom0f0gfijlo;u21;private
1st2f3c2afu416ca3od00gt4fh;u21;private
ccqj7mfbdbe5uidl1jqpr5j208;u21;private
g8eunfj7qhajkuko7mnahdk7r;u21;public
hahaj05jp3128lbi0khgtbcqag;u21;public
cgifbcap7di6q0d4l9g583idgu;u21;public
b4l46m54i45kmc5b9kahoaau43;u21;public
ksiupbhgbiv4q5ctvuprn7tvq;u21;public
iidfet1hpbg1tgodh5dgk99688;u21;public
tetl587oqvjaedfa7akbvhao0d;u21;public
tskiu8esubngp3r9ftdf0vmnee;u21;public
o7lhgtvtnmeoiumio6mtu6hhe6;u21;public
l2s0s8q0c0p5ev52o563pkc3u;u21;public
akk8k8kv4v35bvjlupv8adgt36;u21;public
h1f6sni25rt3ajqarfmp6bev32;u21;public
9p01msggud01ve7hi3sscemcl6;u21;public
6ve5hvqk3hnvb1g3iqcb8ualt9;u21;public
mqp3moss4a1lgcpl95fe6mcprp;u21;public
ukbfnfseuu6fouk7sp11jl19dm;u21;public
kmvuptd6m86fc5ssjopec5fh3;u21;public
hgchpsp8ihcpfm82e574rhdtil;u21;public
q87lcvttuoh0b8abivdla55mhl;u21;public
g7kqr4hbcic5ga11e0beka3eqs;u21;public
5ckl1ob3dl4pll7dqd4ibtin9f;u21;public
h7s56gndn6neje0i747hdbvlk9;u21;public
bgiu9udt79vh9ietipcobeqidv;u21;public
91vafilmgl6km0q8csrr0sfjs5;u21;public
9c0akgokn1h6rdn3dc2vj035j6;u21;public
5jt3hliobtlceaipgjqdoamc1c;u21;public
hv025gd9jvh9sdpcrnms3hf0je;u21;public
spp3ofjevjemf65l81ajua87qq;u21;public
dggl30cce1rhd9dusak7sktipr;u21;public
i38g3m1qqj2ja3thpaomo681qv;u21;public
rnq071c6e9nv1h367j0aioku3u;u21;public
uu5gqnq2r5grpajup857ipo9eb;u21;public
hi6q2bp9jsii343o3i392387sg;u21;public
78j6fk69a46i4e48t52fue2rg7;u22;private
osbag14n20u4fpt94lk7vhovib;u22;private
731on7u5dcmbaqa4h1aoleeotv;u22;private
mdti2mfvulnhk9qaf1ff8elpue;u22;private
5bk34ake84ia3udt32ilfjecb3;u22;private
9jpin1hicvin49dcunot6l6rpv;u22;private
62kuorre6sk5g97n319i83ddco;u22;private
rcloq6pkc3q47pu1v61r6eucv7;u22;private
rgrfuana1vhkn9ee3oqq405lhi;u22;private
d5rftopc1dn53jjp9sr6mt1j4;u22;private
qho49vu349md524mihni6ul5f9;u22;public
67tgmm3h7codc5dfn55vthns79;u22;public
7ierj97is4b0dfkt3oplq4vs37;u22;public
8cc90sl8ea1fa50uiubvi68d5d;u22;public
jgku7gqtbbreag88u22g2lj96i;u22;public
ho5o4si97almml5nas2t4ompfh;u22;public
61e6vc7gbd6pia289uaqvdn1er;u22;public
d53796hsseq7aj81ksbkmfcdgj;u22;public
iu1hbjk7tgt664ibj1a00695oa;u22;public
h7rhfpd87jhhiddu84ph81h3ui;u22;public
2o33iotppqa3iv3r5p1otb3uhd;u22;public
j4ouojfp98vilt3pi0bmrrogli;u22;public
t767vqo4uqj0gbamob6ibca843;u22;public
6n69g6nats7b28bh2v4amt2jsl;u22;public
8pmjglg1q8h0o8bkij48rk7l2d;u22;public
7pqcejoa15nbu66sf7q2sulju1;u22;public
b5490tgha9obf6reggm68jumqf;u22;public
289s9bjbi8iih3543seq3l4jc8;u22;public
h3c80hje87rbktvep7tep2voqm;u22;public
d9cc4n9tn9qnk42abhoh9o8s7i;u22;public
qg1e1bov1k1jrlsprjtpg1seig;u22;public
l4lhl34sdjfplr2t93pjbmpvvu;u22;public
da3safick12grheu4346ncfme1;u22;public
p52itc2mhb4jaahmene7dpp6qv;u22;public
5djajfjn4144ug03di7jujn55d;u22;public
tfsdkmfopn1vsme102a1fmc1o4;u22;public
nqvp8os3snbcntusjs2geq2ln5;u22;public
gr5h1rn2eandtsn33lok9ql4tr;u22;public
foqbbs66so9pbr1jeuu5uu1326;u22;public
q70hf41d1oinrnjvo1i8a1mdp8;u22;public
ta63halnlit5mumndmh0aur71n;u23;private
dar5k3nujrf8p9vt41q0avfcsr;u23;private
jeppv6utmoheeev19gv58qms2h;u23;private
mno7nfiec7qg0458b8t7rfppup;u23;private
5qlsvrev5m01m3ve2re858ggub;u23;private
l2h695j4n4kmkjt0nio52pks5r;u23;private
on0omk0ibudeihgdjjs95bn97n;u23;private
n5bk0jrmqrfks2rh6p4hh4cj2k;u23;private
kald5bh1tmo6ffcerdruf6ogtn;u23;private
4sekjsde029qhi6ulqclotuopa;u23;private
ropt973gjutr4ukcbsk8ug588c;u23;public
2evdqbfa5f54egqt3jhqg5pkh2;u23;public
i377kvke81inru0g8j417m76sk;u23;public
kjs45am30n0gr14dgksa26n1vq;u23;public
9hvhp831u06pma98p7mnqnb4cs;u23;public
i8udbde4iuilgbq42i9od0o0ak;u23;public
11qtej95ltgm64kdgfnl9is573;u23;public
a4o2c1od5heqejonlghs71i7iv;u23;public
qsnhn1oj50g8pas0900gc6fa3g;u23;public
m7fqpbifnlmg1b4q0td1baph58;u23;public
so58kpv4b8itbgimdcl4uckq2a;u23;public
aonb1nmaseptikf1rnv6q3f2gk;u23;public
b2jdq0i9vom9u3m8021l7l99;u23;public
87ugtea72i1j0p6m952dchoum4;u23;public
rjnhph8m4bo8b6usplnek0rm7d;u23;public
sui0sfvajkpfgis5c8fkbg1i7a;u23;public
qcn5cndpkedbbvd9msaobhnin5;u23;public
ppvoof7suhnbv76r45sllm54mr;u23;public
2vuvo4pngtsno5c13ib5gh4d7p;u23;public
l0033mtlrdf1630vhtjl50n05b;u23;public
4kjemj4bfnhh002v0c0r0jdbiq;u23;public
7p1c84vlq77u4q60idngso4a46;u23;public
buiplu5qo3i95k85eba88ksu0b;u23;public
q5332rl3hvnlrfsgc5q8g2pnro;u23;public
1722hh82ddu4vfd2qrl9qqu7v4;u23;public
batp9k772fiqqkervtfkk579uk;u23;public
k9p2bjqec51q47bdj1dglp4022;u23;public
nefknfume0skra0tmlqjruibqt;u23;public
jkchjd8lfo2q593ticg23tquvs;u23;public
61kvmd53uf9nq14r257b4v95ml;u23;public
3d60ggapjdagvu88oo5ni6emcc;u24;private
aru7oeu225e43v1qqm9668qoeb;u24;private
sjmtmhnb99sol798g5l5vu9sdj;u24;private
omefdfrqg6rh2fjudnpni6dfkt;u24;private
5i14pcv4glmksku0477t7bo7vt;u24;private
npqlfha1aco8ah0pkipc627ugn;u24;private
rvtip99va8dp8npe0337f3i77n;u24;private
8t3sk130fidq2r4rlle0ci1kfp;u24;private
b3r3u5ki6pr70uc67dm3cdn0fb;u24;private
gronopk3l9d76l49bb9342ssv4;u24;private
ied5m9gi4k9a71n24btd3h20lm;u24;private
4s4ms093vpcimt2tpif2kfp9gv;u24;private
4ho3glhuj1l5kdpc48qkjrlhcl;u24;public
6461mae2hmem103ih86lduhmrf;u24;public
astbms2antqtg485c5hs080hsv;u24;public
8t4q2e3so8fude4k1h6d6rf3es;u24;public
c8ar9s01ooh37jnc016e2oo24v;u24;public
o0o1967h2sscfljlds2fhmqo50;u24;public
qnn5a6vs04ge3bmfqfi62t46qq;u24;public
c05a8t845c2lgee3ddhjofamjs;u24;public
hakogt1oj7phf4hj4vj83ru232;u24;public
8nqvb2dna9ah3r05qj3dr7e6a;u24;public
d5qluhmlagko2ip4kihnfdqe0k;u24;public
t0hc92mpda9khmvlu25mfo2it8;u24;public
bl9rscc64m0ljtfa6odfjedivo;u24;public
efp08ij74f4okhabmsilg0irln;u24;public
8v37nq3m14jmlibal6n12jl209;u24;public
9h6q5lggrolus73k86qje0smh0;u24;public
cps30m8kvef6qomjd4f10jrl44;u24;public
kee6urbn760c9p372kmqoodb8m;u24;public
nvp2ro4ubesh38eomdl75ciulq;u24;public
i3tc1tak9iscjt6u20cqk7noip;u24;public
t9qjleh0m3urlurpck10qicgck;u24;public
841i7g36fbn1i1n0rrct782rtt;u24;public
ktocl2f155e1rp3g173mqvte6m;u24;public
ugkptdoh56o8i5jm4sc14bhavu;u24;public
g0ta16igqba2cgvknu7uq62jcs;u24;public
ccgss9qrfgohou1kvbb9ng3ifu;u24;public
1d98n602sjbga0pi6jn2dq1ki;u24;public
bvjl4b8kupk3imt0de4g3u4jv9;u24;public
ju72r1meprb1bsnbsbgopa2uun;u24;public
bddjfbpoacg111vkaa299n0de4;u24;public
vrkv2rvl5fvs97j0jj32gr3l9b;u25;private
cgr8cv7soonehq5kqlgmu7th8i;u25;private
f9n8hhn6t4ch1uauotmeqds8va;u25;private
78n7dgk9st1th5moqg9791o9k8;u25;private
nh7h7uf9hrbnkr7va2s4h1ginr;u25;private
4rg10rq0o8pk5l108p8s7vrqkg;u25;private
pi0pjj2u6812ifrpudpbsj07s;u25;private
s7vbcj3p8edtdrkbhan7a1h61f;u25;private
v6rv592mkqp27hf3aq5q5i77pn;u25;private
1944rqp4l3rk2gurbh6acjg010;u25;private
aeicvhc7e5bt39k4ibgrnnoeba;u25;private
3dk19m86o027bn1gpmdpb8rkmk;u25;private
9vhcutuctp50l57nqjqf13k6hs;u25;private
1rt6ln5n674pepbco2ro9va1ul;u25;private
qimosmd01tkiv01enaam7s467;u25;private
u4nbbvlb9c9lnmd6nb3hep27qq;u25;private
bkoi2oau5rtnm4ocmd5k5hr94q;u25;private
tnbl4vkdcgu0r1oh1ln8j2cjhh;u25;private
m18mnjoitpvgn2deeoto2ck7rc;u25;private
1v2u6eeoj3midqdaj25e9kskne;u25;private
su2rr0hba5abhf8vql7406djnd;u25;private
pod0a9q9f0vkr1d7283ku0gmgh;u25;private
uk45bl81stn30j5t3h1oflq9dj;u25;private
49cmi4tmnfae99ubvopsbhtglm;u25;public
k4dl7qtkg19s5m5qm11cv9ojo8;u25;public
qsiddbhl8389i1kkqd7a1up14c;u25;public
62amhp37k6omjvkao85erali1i;u25;public
lchh4t1dfdtda96qg9s2d72g8o;u25;public
vh7ajtfok5v0o3ia8e7gv1juof;u25;public
h6p6r8h96cm6ks1he556jaqvr4;u25;public
2e6ml3l5n83tsp2838q9r7e7g7;u25;public
sffk2690fjitqgutgq397mbjei;u25;public
t2aatpbs0ahqjfsme5v62un55k;u25;public
vsmp2d2dcigf4vma91luvsehmm;u25;public
75cqlpmiblhmtc5b4312tsii9d;u25;public
qshncne30e88ki84lj4dc0fna2;u25;public
b106inruu8jqmh5sit8tub6ja5;u25;public
do20umkp71n2cv9chkd0o597ht;u25;public
29hpgc5l7a46ftrj10amhmeir4;u25;public
u0p7qfvvamc5ucdkojh1o4g80b;u25;public
cp9ris4hdupc77bh30iq4jfmto;u25;public
1ci77ha3g8oed5abnnhcnqtffl;u25;public
8vs09hdm6ia0dkconk2g8o1j30;u25;public
8bagq48ei9i67ii268cb7kg77m;u25;public
mkssj60jtj9no66lgh63n1qbip;u25;public
aqmia8k0mqgmjd04nmqpcn9bsd;u25;public
svlo1ceem7i6g103iasf1tmk4r;u25;public
73sra3p8jpquieijgut5gumhgj;u25;public
nvfao4b7q8mov9g3v1tha8en7k;u25;public
aulneoveiqn3fpfmna6l3sgsah;u25;public
ckofpqbv0c93drqp6nb8hvhvpl;u25;public
1kfo2ml00qqchpaqtarj7jo3pm;u25;public
gd1n7f81dntjsir6khu2aabu2o;u25;public
apu2hdkbudls2obf062t12dkni;u26;private
t0q9fgtpaa19adlsadrov8130c;u26;private
876skmrfnsm9i8psmk10v8htl;u26;private
3qjes2kkb80hkq1rejga3n2qpa;u26;private
rnr6jjubq81liieacmma7scn3k;u26;private
1se2oe1fs4tjffjdt5iqtoh26n;u26;private
nhsrrcgna7k83t1ug2us00jod7;u26;private
mgmer7ak41und96qcpg1okdoo6;u26;private
hnrlfb3jmc183ns65ftqu6gemg;u26;private
37plleeb2ucj5lfm4rlg7ptcn8;u26;private
u7jhg34mhp1d46590371p4fkem;u26;public
5junnsfehu3q12ggpus9pid10s;u26;public
jliksvng4gcpm6al96ohag8hup;u26;public
599ce1q1mba2f2tvfh6ji6eqam;u26;public
d0k1rjbucuqhqj90ofa7aet3ed;u26;public
d4in6a93u4ul97i5tepbsftmoq;u26;public
1as9d1i80p6iuvqrlq8l4mpk68;u26;public
530n1pdtvbj172gf4nh1313j0g;u26;public
avtgo0f88prokdvnvdb4pl6s7r;u26;public
hcgogv41l8vuc40e6210jaiba5;u26;public
eoes8dijrm8odbto9f117j47dh;u26;public
73nc53u9peqgpvrl34jcjad7f3;u26;public
25tj97dl27r92srt61c2ckcdh3;u26;public
ejcsa7t1lro6gkgpp8hvr4jqaf;u26;public
4tkce49i2j6oe37h4bd99id1l6;u26;public
lkadvnhbe8n7r6ph10oq96p4mq;u26;public
q0h1mb1ijv3esdc0tefp4t72b8;u26;public
vajg7kj63avckmsduqlm95menv;u26;public
aqpof8bbpd3ebnjfu1lhui6ncq;u26;public
681vp5cj9frre13300ldmdspku;u26;public
sjh31epsfkpcdpa4dle8njmr4g;u26;public
qmjcdgfh35st76gtfh9dmj2mp8;u26;public
lhogsa7fa1h3k0j92rqa0060um;u26;public
v3umafakqk4dbp9caldqc92eds;u26;public
1q3m2qa1gd83mj4ree2gsr9tja;u26;public
u170arbdgaudfc42sm9eavc5q3;u26;public
445l2tcdtj0c9s2magtd9jbdni;u26;public
o2p92mutnc8btcrhdmaivs5urp;u26;public
nj6rhh3cpgthgje6k862185s2f;u26;public
foki9vq1gtsrvt1mjbdjjmqp12;u26;public
fdhegcgo3dgau52rnlh31744mi;u27;private
66pr4jkpog1u78oo7240nbd69o;u27;private
tb7k7fcduflupt6lep6ajfqbrk;u27;private
vgmur8jd6m1j1q6qhfpm41frdd;u27;private
7vq5b3smm9qseked6e9ki1j65i;u27;private
pv0vrra66jsi01rfh304p6p1ii;u27;private
6r2n9lvbg02r6u6vij3jdl2qk8;u27;private
rtagt3g6pmj6uksaja85890tse;u27;private
o0srf74clsr3d853gd4lh6irl0;u27;private
bhp4q2cqqqd4r9nifsudk0htp9;u27;private
da9ij26eddbd332r2r8lm239e4;u27;public
lmtfte0210hqpqksce1bugu3mq;u27;public
u13v9dksj4i86og97em4gs06;u27;public
asm8gdvu8vusfqj46b2pvp9g1h;u27;public
3bbg67hr0f1tk8g9jfdrq1csub;u27;public
rpl1pne8kmvlr21ie84ktv95oi;u27;public
3ae4dgomlph771qb27bq1nutpi;u27;public
tk9g75d406vgm9fcrjgc8glp86;u27;public
jb6uo8ld02cp2l44jp2r88nbcc;u27;public
eehmct6d0tljil8n54q0uk0lnc;u27;public
olua323nsajv3n43sa7g577cqj;u27;public
cvi4qrc6e76l7in718kvn0podh;u27;public
77pk8b6v95uj5ernbaokijd97l;u27;public
pa958df1gtu7o6tuluk80m5lth;u27;public
cbdtp3fpmtvkmvq3vlrq21dii2;u27;public
gvo1gp6pomq4vda9i3lp7gv8bg;u27;public
lkj5j6vl6rhvbefofm77fguoq2;u27;public
lspqi36hs13bdm4r9knikdoflo;u27;public
o15s5s406j82jsho9lo0d68h9h;u27;public
4u6o51j709rtjat500rj9a7e74;u27;public
84ebt6o4212v4t9aq9137factf;u27;public
ccochlntr2m9cl2jq3ormkk3j6;u27;public
4eimslid2m6g9guonvro3d1ltm;u27;public
ljupcga62irho53hvl923tcgvm;u27;public
pbmiumllmpbc5h2d3v9flbn3bo;u27;public
qpi8ur6fr90f739t19acn2t20g;u27;public
hgdqm3mvj90ki1ks0c8lt2d7p1;u27;public
6bt622p1ab3p4qd2lqtjoka4jd;u27;public
q9j1e9nortgqoqm1j24hl0kqob;u27;public
5ge6oj1u6ng2sla0ub3a8095a8;u27;public
t08ataj52qqt3q5a94tbc62bfc;u27;public
4p0l66ppcikd0frol876djn81i;u27;public
m6cp294gje6g9pnh45742usaqi;u27;public
ihnl1m187k7e36d8dq772qb4ee;u27;public
778ckihetp5prm442l3eh3pri6;u27;public
bql91jad95sl7uf89dmps500h2;u27;public
gcimk12jlsj1baqfp12pb1gcjb;u27;public
u68u06ac6jasu2m4fdj46u6icc;u27;public
lkkf7jpnm4skh6gakt8k9e7bpg;u27;public
4ea3oauu8g9dptmh6vo5qq0osm;u27;public
rd832edb3rte0i8urljsmte3bn;u27;public
shrc7lrtpd3dvh2pfe6ric7rkt;u27;public
37ovrgi3hs6dgstq8t0ago300o;u27;public
tr7qdb8pulssf8rbnsqoiph9la;u27;public
n1jqhuqkc4scadpuuoup7d373d;u27;public
eqab2qn56itrt1ghluo010mti5;u27;public
